frame,timestamp,track_id,class,x1,y1,x2,y2,confidence
1,17:03:20,1,person,561,350,896,716,0.765
3,17:03:20,1,person,590,334,938,716,0.863
5,17:03:21,1,person,595,332,946,716,0.857
7,17:03:21,1,person,596,330,949,716,0.866
9,17:03:21,1,person,596,329,949,716,0.863
11,17:03:21,1,person,595,329,948,716,0.862
13,17:03:21,1,person,596,329,948,715,0.852
15,17:03:21,1,person,596,330,948,716,0.868
17,17:03:21,1,person,596,330,947,716,0.863
19,17:03:21,1,person,596,331,947,715,0.863
21,17:03:21,1,person,594,333,942,716,0.859
23,17:03:22,1,person,594,343,935,716,0.878
25,17:03:22,1,person,593,347,931,715,0.899
27,17:03:22,1,person,592,350,928,715,0.882
29,17:03:22,1,person,588,354,920,715,0.876
31,17:03:22,1,person,582,357,911,715,0.885
33,17:03:22,1,person,576,362,900,716,0.834
35,17:03:22,1,person,567,364,887,715,0.877
37,17:03:22,1,person,610,340,969,713,0.449
39,17:03:22,1,person,624,225,1107,711,0.693
41,17:03:23,1,person,522,99,1146,711,0.688
43,17:03:23,1,person,449,71,1137,713,0.909
45,17:03:23,1,person,407,58,1141,715,0.906
47,17:03:23,1,person,378,51,1147,716,0.878
49,17:03:23,1,person,370,55,1159,715,0.912
51,17:03:23,1,person,367,62,1170,715,0.893
53,17:03:23,1,person,357,76,1157,714,0.758
55,17:03:23,1,person,482,107,1237,712,0.591
57,17:03:24,1,person,486,141,1210,712,0.821
59,17:03:24,1,person,456,140,1195,714,0.725
61,17:03:24,1,person,402,131,1169,714,0.842
63,17:03:24,1,person,381,128,1168,715,0.890
65,17:03:24,1,person,365,124,1168,714,0.922
67,17:03:24,1,person,352,122,1170,715,0.902
69,17:03:24,1,person,352,121,1182,715,0.872
71,17:03:24,1,person,347,123,1184,715,0.859
73,17:03:24,1,person,346,125,1190,715,0.819
75,17:03:25,1,person,379,127,1222,713,0.771
77,17:03:25,1,person,352,130,1200,714,0.833
79,17:03:25,1,person,351,137,1201,714,0.836
81,17:03:25,1,person,349,142,1199,713,0.785
83,17:03:25,1,person,335,141,1191,714,0.834
85,17:03:25,1,person,333,142,1194,714,0.793
87,17:03:25,1,person,326,140,1193,714,0.867
89,17:03:25,1,person,352,137,1222,713,0.805
91,17:03:25,1,person,330,133,1210,714,0.826
93,17:03:26,1,person,324,132,1211,714,0.808
95,17:03:26,1,person,321,131,1213,714,0.772
97,17:03:26,1,person,314,129,1211,714,0.762
99,17:03:26,1,person,308,129,1208,714,0.762
101,17:03:26,1,person,304,129,1206,713,0.848
103,17:03:26,1,person,301,128,1208,714,0.854
105,17:03:26,1,person,305,130,1213,715,0.872
107,17:03:26,1,person,298,129,1212,715,0.860
109,17:03:26,1,person,295,127,1213,715,0.765
111,17:03:26,1,person,288,118,1217,714,0.823
113,17:03:27,1,person,286,119,1214,715,0.812
115,17:03:27,1,person,284,120,1211,714,0.821
117,17:03:27,1,person,291,119,1221,714,0.885
119,17:03:27,1,person,294,122,1222,715,0.842
121,17:03:27,1,person,290,119,1225,715,0.851
123,17:03:27,1,person,288,118,1225,715,0.844
125,17:03:27,1,person,336,120,1260,714,0.794
127,17:03:27,1,person,301,114,1233,714,0.791
129,17:03:27,1,person,292,114,1226,714,0.884
131,17:03:27,1,person,292,119,1219,715,0.823
133,17:03:28,1,person,331,122,1248,714,0.759
135,17:03:28,1,person,308,124,1225,714,0.794
137,17:03:28,1,person,303,126,1220,714,0.828
139,17:03:28,1,person,301,127,1219,715,0.847
141,17:03:28,1,person,303,127,1222,714,0.836
143,17:03:28,1,person,304,129,1223,715,0.838
145,17:03:28,1,person,303,129,1223,715,0.895
147,17:03:28,1,person,301,129,1221,715,0.824
149,17:03:28,1,person,299,127,1224,715,0.859
151,17:03:29,1,person,300,125,1231,716,0.828
153,17:03:29,1,person,297,121,1236,716,0.792
155,17:03:29,1,person,289,113,1239,716,0.840
157,17:03:29,1,person,286,110,1242,716,0.850
159,17:03:29,1,person,286,113,1238,716,0.839
161,17:03:29,1,person,284,110,1241,716,0.875
163,17:03:29,1,person,285,109,1243,716,0.862
165,17:03:30,1,person,285,108,1244,716,0.867
167,17:03:30,1,person,291,116,1239,716,0.857
169,17:03:30,1,person,295,117,1241,715,0.920
171,17:03:30,1,person,305,121,1248,715,0.909
173,17:03:30,1,person,239,125,1154,715,0.819
175,17:03:30,1,person,239,131,1134,716,0.868
177,17:03:30,1,person,247,137,1120,715,0.876
179,17:03:30,1,person,255,140,1117,715,0.812
181,17:03:30,1,person,258,139,1116,715,0.797
183,17:03:31,1,person,262,138,1116,716,0.759
185,17:03:31,1,person,264,137,1115,716,0.846
187,17:03:31,1,person,267,135,1115,716,0.887
189,17:03:31,1,person,266,135,1111,716,0.873
191,17:03:31,1,person,261,130,1108,715,0.919
193,17:03:31,1,person,256,124,1108,715,0.913
195,17:03:31,1,person,253,119,1108,716,0.922
197,17:03:31,1,person,215,116,1057,716,0.917
199,17:03:32,1,person,305,122,1153,714,0.786
201,17:03:32,1,person,319,114,1184,712,0.634
203,17:03:32,1,person,340,128,1200,713,0.771
205,17:03:32,1,person,418,124,1276,712,0.534
207,17:03:32,1,person,381,137,1234,712,0.541
209,17:03:32,1,person,399,132,1258,711,0.617
209,17:03:32,9,person,297,143,778,712,0.411
211,17:03:32,1,person,355,138,1212,713,0.492
211,17:03:32,9,person,297,144,777,712,0.449
213,17:03:32,1,person,352,142,1216,713,0.632
213,17:03:32,9,person,293,142,774,712,0.631
215,17:03:33,1,person,343,141,1218,714,0.548
217,17:03:33,1,person,306,143,1177,714,0.724
219,17:03:33,1,person,305,143,1180,714,0.719
221,17:03:33,1,person,308,144,1185,715,0.666
223,17:03:33,1,person,325,145,1207,715,0.712
225,17:03:33,1,person,315,145,1199,715,0.744
227,17:03:33,1,person,313,144,1202,715,0.721
229,17:03:33,1,person,300,127,1222,713,0.672
229,17:03:33,10,toothbrush,1013,76,1266,710,0.668
231,17:03:34,1,person,242,139,1127,714,0.475
233,17:03:34,1,person,270,48,1250,711,0.773
241,17:03:34,1,person,316,173,1110,709,0.520
243,17:03:34,1,person,322,201,1078,710,0.457
245,17:03:34,1,person,342,184,1111,710,0.513
247,17:03:34,1,person,372,179,1133,709,0.419
249,17:03:35,1,person,342,177,1108,709,0.512
251,17:03:35,1,person,333,177,1102,710,0.584
253,17:03:35,1,person,467,181,1196,711,0.608
255,17:03:35,1,person,398,178,1134,710,0.482
257,17:03:35,1,person,357,177,1099,710,0.637
261,17:03:35,1,person,431,91,1270,710,0.562
263,17:03:35,1,person,481,74,1280,712,0.616
263,17:03:35,9,person,474,133,1068,714,0.570
265,17:03:36,1,person,421,113,1242,713,0.586
265,17:03:36,9,person,340,139,916,712,0.631
267,17:03:36,1,person,389,137,1198,713,0.719
269,17:03:36,1,person,383,151,1191,714,0.773
269,17:03:36,9,person,268,159,809,714,0.483
271,17:03:36,1,person,401,163,1201,714,0.682
273,17:03:36,1,person,385,169,1196,714,0.772
275,17:03:36,1,person,376,171,1201,715,0.719
275,17:03:36,9,person,261,173,778,715,0.484
277,17:03:36,1,person,367,168,1211,715,0.751
277,17:03:36,9,person,262,172,771,715,0.546
279,17:03:36,1,person,360,166,1218,715,0.750
279,17:03:36,9,person,264,172,766,715,0.539
281,17:03:37,1,person,349,161,1226,715,0.822
281,17:03:37,9,person,264,167,763,715,0.684
283,17:03:37,1,person,347,161,1233,715,0.807
283,17:03:37,9,person,267,166,761,715,0.717
285,17:03:37,1,person,340,159,1238,715,0.827
285,17:03:37,9,person,267,164,759,715,0.593
287,17:03:37,1,person,337,158,1244,715,0.787
287,17:03:37,9,person,269,162,758,715,0.583
289,17:03:37,1,person,330,158,1243,715,0.714
289,17:03:37,9,person,271,162,757,715,0.704
291,17:03:37,1,person,324,161,1237,714,0.681
291,17:03:37,9,person,271,162,754,715,0.790
293,17:03:37,1,person,314,154,1242,713,0.809
295,17:03:37,1,person,306,153,1241,712,0.728
295,17:03:37,9,person,261,160,738,714,0.490
297,17:03:38,1,person,309,157,1241,712,0.734
297,17:03:38,9,person,265,161,737,714,0.717
299,17:03:38,1,person,305,157,1239,712,0.645
299,17:03:38,9,person,270,162,738,714,0.812
301,17:03:38,1,person,280,159,1225,713,0.588
301,17:03:38,9,person,282,165,749,714,0.503
303,17:03:38,1,person,282,164,1229,714,0.594
305,17:03:38,1,person,298,171,1230,714,0.764
307,17:03:38,1,person,347,168,1275,716,0.820
309,17:03:38,1,person,316,176,1229,715,0.795
311,17:03:38,1,person,311,178,1222,715,0.704
313,17:03:39,1,person,196,60,1280,712,0.685
315,17:03:39,1,person,168,19,1280,713,0.785
317,17:03:39,1,person,160,3,1280,713,0.754
319,17:03:39,1,person,161,0,1268,711,0.562
321,17:03:39,1,person,266,86,1246,712,0.736
323,17:03:39,9,person,343,169,827,714,0.873
325,17:03:39,9,person,363,171,876,715,0.902
327,17:03:39,9,person,380,171,924,715,0.842
329,17:03:40,9,person,436,170,998,715,0.823
331,17:03:40,9,person,409,167,1001,715,0.820
333,17:03:40,9,person,389,161,1009,716,0.845
335,17:03:40,9,person,380,164,1016,716,0.877
337,17:03:40,9,person,371,167,1020,716,0.863
339,17:03:40,9,person,351,170,1004,716,0.887
341,17:03:40,9,person,309,172,955,715,0.888
343,17:03:40,1,person,337,169,1204,714,0.849
345,17:03:40,1,person,264,48,1280,710,0.754
349,17:03:41,1,person,99,74,1094,709,0.585
351,17:03:41,9,person,418,161,1070,714,0.893
353,17:03:41,9,person,406,156,1068,714,0.721
355,17:03:41,9,person,374,152,1051,714,0.777
357,17:03:41,9,person,362,148,1052,714,0.775
359,17:03:41,9,person,352,145,1054,714,0.839
361,17:03:41,9,person,372,143,1074,714,0.804
363,17:03:41,9,person,364,142,1072,714,0.834
365,17:03:41,9,person,379,141,1086,714,0.813
367,17:03:42,9,person,415,143,1111,713,0.767
369,17:03:42,9,person,424,129,1141,713,0.778
371,17:03:42,9,person,431,92,1202,714,0.809
373,17:03:42,9,person,432,30,1270,711,0.875
373,17:03:42,1,person,0,37,689,707,0.651
375,17:03:42,9,person,445,8,1280,711,0.817
377,17:03:42,9,person,476,0,1280,708,0.927
377,17:03:42,1,person,0,13,687,708,0.534
379,17:03:42,9,person,501,0,1280,708,0.933
379,17:03:42,1,person,0,12,686,708,0.653
381,17:03:42,9,person,517,0,1280,706,0.905
383,17:03:42,9,person,518,0,1280,708,0.957
383,17:03:42,1,person,0,11,634,710,0.704
385,17:03:43,9,person,511,0,1280,709,0.901
387,17:03:43,9,person,496,0,1280,709,0.926
389,17:03:43,9,person,480,0,1280,712,0.912
391,17:03:43,9,person,474,0,1280,711,0.927
393,17:03:43,9,person,474,0,1280,711,0.915
395,17:03:43,9,person,477,0,1280,709,0.913
397,17:03:43,9,person,473,0,1280,710,0.885
399,17:03:44,9,person,468,0,1280,714,0.901
399,17:03:44,16,tie,516,367,997,710,0.606
401,17:03:44,9,person,464,0,1278,713,0.907
403,17:03:44,9,person,500,0,1280,711,0.833
403,17:03:44,16,tie,544,365,1029,711,0.553
405,17:03:44,9,person,546,0,1280,712,0.765
405,17:03:44,16,tie,579,366,1061,713,0.451
407,17:03:44,9,person,571,1,1280,711,0.739
407,17:03:44,16,tie,599,367,1075,713,0.578
407,17:03:44,1,person,0,5,718,709,0.515
409,17:03:44,9,person,579,1,1280,711,0.701
409,17:03:44,1,person,0,5,715,710,0.593
411,17:03:44,9,person,586,1,1280,709,0.734
411,17:03:44,1,person,0,4,702,711,0.553
411,17:03:44,16,tie,599,373,1061,713,0.505
413,17:03:44,9,person,583,1,1280,709,0.802
413,17:03:44,1,person,0,5,689,710,0.699
415,17:03:45,9,person,580,1,1280,709,0.747
415,17:03:45,1,person,0,6,679,711,0.824
415,17:03:45,16,tie,591,369,1051,712,0.526
417,17:03:45,9,person,582,2,1280,710,0.818
417,17:03:45,1,person,0,5,670,710,0.806
417,17:03:45,16,tie,585,362,1047,710,0.556
419,17:03:45,9,person,576,2,1280,711,0.838
419,17:03:45,16,tie,660,371,1131,710,0.515
421,17:03:45,9,person,547,2,1274,710,0.764
423,17:03:45,9,person,506,2,1245,712,0.882
425,17:03:45,9,person,483,1,1236,715,0.871
425,17:03:45,1,person,0,26,524,709,0.716
427,17:03:45,9,person,483,1,1241,713,0.889
427,17:03:45,1,person,0,11,545,709,0.537
429,17:03:45,9,person,513,2,1267,711,0.552
431,17:03:46,9,person,548,2,1280,710,0.687
433,17:03:46,1,person,14,3,646,709,0.472
435,17:03:46,9,person,590,2,1280,709,0.604
437,17:03:46,1,bottle,246,130,748,711,0.670
439,17:03:46,9,person,410,2,1181,712,0.838
441,17:03:46,9,person,360,1,1159,712,0.836
443,17:03:46,9,person,336,2,1157,712,0.876
445,17:03:47,9,person,323,2,1165,712,0.866
447,17:03:47,9,person,304,1,1163,712,0.809
449,17:03:47,9,person,288,1,1152,711,0.824
451,17:03:47,9,person,269,2,1127,711,0.795
453,17:03:47,9,person,314,1,1183,711,0.811
455,17:03:47,9,person,294,2,1155,711,0.808
457,17:03:47,9,person,298,2,1152,710,0.775
459,17:03:47,9,person,330,2,1175,710,0.754
461,17:03:48,9,person,388,4,1222,711,0.713
463,17:03:48,9,person,510,82,1256,712,0.797
465,17:03:48,9,person,559,107,1272,711,0.755
465,17:03:48,20,person,17,429,129,714,0.880
467,17:03:48,9,person,532,52,1280,712,0.866
467,17:03:48,20,person,15,327,165,712,0.801
469,17:03:48,9,person,494,21,1280,715,0.834
469,17:03:48,20,person,7,217,200,710,0.606
471,17:03:48,9,person,379,9,1216,706,0.788
471,17:03:48,20,person,3,164,217,708,0.489
473,17:03:48,9,person,275,7,1150,706,0.667
475,17:03:48,9,person,232,4,1144,709,0.470
475,17:03:48,1,person,670,4,1279,711,0.592
477,17:03:49,1,person,631,8,1262,711,0.830
479,17:03:49,1,person,614,23,1253,712,0.759
481,17:03:49,1,person,628,36,1264,713,0.888
483,17:03:49,1,person,644,43,1277,714,0.899
483,17:03:49,9,person,105,225,739,711,0.641
485,17:03:49,1,person,645,42,1280,713,0.905
485,17:03:49,9,person,108,273,689,711,0.461
487,17:03:49,1,person,630,53,1263,713,0.839
489,17:03:49,1,person,596,70,1233,713,0.825
491,17:03:49,1,person,561,78,1209,715,0.801
493,17:03:50,1,person,550,86,1206,715,0.845
495,17:03:50,1,person,541,89,1207,715,0.876
495,17:03:50,9,person,0,182,603,711,0.434
497,17:03:50,1,person,537,86,1215,715,0.876
497,17:03:50,9,person,0,169,601,713,0.583
499,17:03:50,1,person,529,83,1218,715,0.891
499,17:03:50,9,person,0,171,594,714,0.624
501,17:03:50,1,person,522,79,1224,715,0.902
501,17:03:50,9,person,0,164,590,712,0.454
503,17:03:50,1,person,547,79,1248,716,0.877
503,17:03:50,9,person,0,176,590,712,0.481
505,17:03:50,1,person,575,77,1275,716,0.795
507,17:03:50,1,person,465,77,1192,714,0.821
509,17:03:51,1,person,426,54,1186,713,0.849
511,17:03:51,1,person,440,78,1192,714,0.851
513,17:03:51,1,person,439,92,1194,715,0.709
515,17:03:51,1,person,351,97,1083,714,0.875
517,17:03:51,1,person,339,98,1060,714,0.915
517,17:03:51,25,cup,976,151,1280,714,0.662
519,17:03:51,1,person,350,100,1065,714,0.869
521,17:03:51,1,person,373,99,1089,714,0.883
523,17:03:51,1,person,396,102,1110,714,0.915
525,17:03:52,1,person,414,87,1147,713,0.887
527,17:03:52,1,person,464,73,1218,712,0.826
529,17:03:52,25,person,864,115,1212,709,0.653
531,17:03:52,25,person,927,175,1243,709,0.566
531,17:03:52,9,person,0,161,472,712,0.850
533,17:03:52,25,person,1009,240,1280,710,0.781
533,17:03:52,9,person,0,186,479,712,0.885
535,17:03:52,25,person,1056,281,1280,710,0.694
535,17:03:52,9,person,0,177,505,713,0.944
537,17:03:52,25,person,1109,320,1280,709,0.701
537,17:03:52,9,person,0,150,540,715,0.953
539,17:03:52,25,person,1122,328,1280,710,0.764
539,17:03:52,9,person,0,136,549,716,0.958
541,17:03:53,25,person,1129,327,1280,710,0.774
541,17:03:53,9,person,0,122,553,717,0.957
543,17:03:53,25,person,1138,334,1280,710,0.792
543,17:03:53,9,person,0,113,555,718,0.956
545,17:03:53,25,person,1139,327,1280,711,0.809
545,17:03:53,9,person,0,110,555,718,0.958
547,17:03:53,25,person,1141,327,1280,710,0.757
547,17:03:53,9,person,0,109,551,717,0.958
549,17:03:53,25,person,1142,325,1280,711,0.775
549,17:03:53,9,person,0,111,552,716,0.957
551,17:03:53,25,person,1142,325,1280,711,0.793
551,17:03:53,9,person,0,113,552,717,0.958
553,17:03:53,25,person,1143,329,1280,711,0.807
553,17:03:53,9,person,0,117,551,717,0.957
555,17:03:53,25,person,1145,331,1280,710,0.817
555,17:03:53,9,person,0,122,551,716,0.957
557,17:03:54,25,person,1147,333,1280,711,0.823
557,17:03:54,9,person,2,126,553,716,0.954
559,17:03:54,25,person,1150,337,1280,711,0.818
559,17:03:54,9,person,4,126,556,716,0.959
561,17:03:54,25,person,1152,340,1280,711,0.823
561,17:03:54,9,person,3,124,557,716,0.961
563,17:03:54,25,person,1153,340,1280,711,0.835
563,17:03:54,9,person,0,124,554,716,0.964
565,17:03:54,25,person,1153,337,1280,711,0.817
565,17:03:54,9,person,0,121,551,716,0.956
567,17:03:54,25,person,1152,337,1280,711,0.789
567,17:03:54,9,person,0,113,545,714,0.951
569,17:03:54,25,person,1153,344,1280,711,0.755
569,17:03:54,9,person,0,102,542,713,0.958
571,17:03:54,25,person,1151,331,1280,710,0.774
571,17:03:54,9,person,0,94,540,712,0.961
573,17:03:55,25,person,1149,325,1280,710,0.790
573,17:03:55,9,person,0,92,539,712,0.962
575,17:03:55,25,person,1148,321,1280,710,0.798
575,17:03:55,9,person,0,89,539,712,0.960
577,17:03:55,25,person,1147,318,1280,710,0.840
577,17:03:55,9,person,0,82,540,713,0.955
579,17:03:55,25,person,1144,315,1280,710,0.794
579,17:03:55,9,person,0,72,538,712,0.954
581,17:03:55,25,person,1143,312,1280,710,0.822
581,17:03:55,9,person,0,62,537,713,0.954
583,17:03:55,25,person,1143,312,1280,711,0.832
583,17:03:55,9,person,0,57,534,713,0.956
585,17:03:55,25,person,1143,314,1280,710,0.818
585,17:03:55,9,person,0,55,531,713,0.956
587,17:03:55,25,person,1144,316,1279,710,0.786
587,17:03:55,9,person,0,52,529,713,0.953
589,17:03:56,25,person,1142,318,1277,710,0.819
589,17:03:56,9,person,0,42,527,714,0.941
591,17:03:56,25,person,1134,309,1274,711,0.814
591,17:03:56,9,person,0,16,523,702,0.928
593,17:03:56,25,person,1118,283,1270,710,0.400
593,17:03:56,9,person,0,5,503,678,0.933
595,17:03:56,25,person,956,253,1158,712,0.860
595,17:03:56,9,person,0,0,474,656,0.925
597,17:03:56,25,person,869,219,1122,712,0.734
597,17:03:56,9,person,0,0,453,645,0.929
599,17:03:56,25,person,785,165,1102,711,0.725
599,17:03:56,9,person,0,0,422,653,0.828
601,17:03:56,25,person,714,128,1092,710,0.648
603,17:03:57,25,person,660,90,1099,710,0.802
605,17:03:57,25,person,634,92,1107,712,0.905
607,17:03:57,25,person,631,122,1111,713,0.849
609,17:03:57,25,person,642,148,1124,713,0.857
611,17:03:57,25,person,652,148,1157,713,0.880
611,17:03:57,9,person,0,50,347,704,0.781
613,17:03:57,25,person,649,145,1174,712,0.896
613,17:03:57,9,person,0,48,334,709,0.834
615,17:03:57,25,person,646,154,1180,713,0.891
615,17:03:57,9,person,0,69,308,710,0.833
617,17:03:57,25,person,634,161,1180,713,0.882
617,17:03:57,9,person,0,103,280,712,0.875
619,17:03:58,25,person,626,158,1189,714,0.878
619,17:03:58,9,person,0,120,262,711,0.867
621,17:03:58,25,person,622,162,1192,713,0.918
621,17:03:58,9,person,0,127,253,711,0.881
623,17:03:58,25,person,607,167,1186,713,0.892
623,17:03:58,9,person,0,138,232,712,0.850
625,17:03:58,25,person,597,164,1191,714,0.879
625,17:03:58,9,person,0,149,211,713,0.604
627,17:03:58,25,person,589,155,1203,715,0.850
629,17:03:58,25,person,582,150,1210,715,0.902
631,17:03:58,25,person,578,150,1213,715,0.885
633,17:03:58,25,person,565,158,1197,714,0.827
635,17:03:59,25,person,552,170,1174,714,0.861
637,17:03:59,25,person,546,179,1157,715,0.877
639,17:03:59,25,person,540,188,1143,715,0.899
641,17:03:59,25,person,539,191,1139,715,0.916
643,17:03:59,25,person,541,193,1140,715,0.888
645,17:03:59,25,person,540,192,1142,715,0.890
647,17:03:59,25,person,541,191,1145,716,0.872
649,17:03:59,25,person,544,188,1155,715,0.803
651,17:04:00,25,person,544,187,1158,716,0.892
653,17:04:00,25,person,548,186,1168,716,0.882
655,17:04:00,25,person,544,185,1165,716,0.863
657,17:04:00,25,person,547,184,1174,716,0.840
659,17:04:00,25,person,539,184,1165,715,0.880
661,17:04:00,25,person,538,190,1155,714,0.840
663,17:04:00,25,person,540,186,1164,714,0.887
665,17:04:01,25,person,538,184,1166,714,0.831
667,17:04:01,25,person,556,184,1189,714,0.643
669,17:04:01,25,person,557,182,1200,714,0.627
669,17:04:01,31,person,782,185,1215,713,0.571
671,17:04:01,25,person,542,183,1182,715,0.686
671,17:04:01,31,person,789,187,1222,713,0.412
673,17:04:01,25,person,538,181,1181,715,0.648
673,17:04:01,31,person,797,185,1233,713,0.465
675,17:04:01,25,person,566,183,1215,713,0.737
675,17:04:01,31,person,801,184,1241,713,0.625
677,17:04:01,25,person,561,182,1216,714,0.698
677,17:04:01,31,person,796,184,1239,713,0.437
679,17:04:01,25,person,540,182,1195,714,0.715
681,17:04:02,25,person,532,179,1191,714,0.761
683,17:04:02,25,person,514,173,1178,714,0.800
685,17:04:02,25,person,510,173,1171,714,0.784
687,17:04:02,25,person,504,171,1166,714,0.836
689,17:04:02,25,person,505,170,1165,715,0.830
691,17:04:02,25,person,508,172,1163,714,0.791
693,17:04:02,25,person,513,174,1162,714,0.752
695,17:04:03,25,person,512,171,1161,713,0.750
697,17:04:03,25,person,513,176,1155,714,0.784
699,17:04:03,25,person,515,177,1153,714,0.801
701,17:04:03,25,person,516,177,1152,715,0.777
703,17:04:03,25,person,515,174,1153,714,0.814
705,17:04:03,25,person,514,174,1151,714,0.867
707,17:04:03,25,person,516,175,1149,714,0.842
709,17:04:03,25,person,517,175,1148,714,0.784
711,17:04:04,25,person,518,175,1147,714,0.786
713,17:04:04,25,person,517,174,1148,714,0.894
715,17:04:04,25,person,516,171,1148,714,0.803
717,17:04:04,25,person,514,166,1150,713,0.752
719,17:04:04,25,person,515,166,1151,713,0.845
721,17:04:04,25,person,513,168,1146,713,0.919
723,17:04:04,25,person,516,169,1145,713,0.845
725,17:04:04,25,person,512,167,1144,713,0.850
727,17:04:05,25,person,514,171,1140,713,0.752
729,17:04:05,25,person,505,172,1130,714,0.759
731,17:04:05,25,person,509,173,1133,714,0.786
733,17:04:05,25,person,513,176,1133,714,0.775
735,17:04:05,25,person,514,175,1133,713,0.829
737,17:04:05,25,person,513,172,1134,713,0.921
739,17:04:05,25,person,516,170,1140,713,0.893
741,17:04:06,25,person,539,169,1172,714,0.833
743,17:04:06,25,person,522,168,1155,714,0.823
745,17:04:06,25,person,523,166,1162,715,0.895
745,17:04:06,38,chair,1064,541,1280,714,0.424
747,17:04:06,25,person,532,165,1177,715,0.892
749,17:04:06,25,person,518,167,1160,715,0.881
751,17:04:06,25,person,544,175,1182,714,0.763
753,17:04:06,25,person,529,178,1167,713,0.756
755,17:04:07,25,person,521,177,1162,714,0.828
757,17:04:07,25,person,533,178,1175,714,0.802
759,17:04:07,25,person,538,178,1183,714,0.771
761,17:04:07,25,person,531,178,1177,714,0.819
763,17:04:07,25,person,540,176,1194,714,0.811
765,17:04:07,25,person,543,177,1201,714,0.790
767,17:04:07,25,person,525,178,1183,714,0.809
769,17:04:07,25,person,537,176,1204,715,0.787
771,17:04:08,25,person,541,176,1214,715,0.829
773,17:04:08,25,person,529,173,1205,715,0.748
775,17:04:08,25,person,507,169,1185,714,0.799
777,17:04:08,25,person,511,167,1192,714,0.865
777,17:04:08,43,person,0,180,375,713,0.626
779,17:04:08,25,person,533,165,1222,714,0.779
779,17:04:08,43,person,0,185,374,712,0.745
781,17:04:08,25,person,544,169,1235,714,0.771
781,17:04:08,43,person,0,192,370,712,0.810
781,17:04:08,44,person,776,173,1273,712,0.433
783,17:04:08,25,person,549,174,1242,714,0.772
783,17:04:08,43,person,0,195,368,712,0.829
783,17:04:08,44,person,777,177,1272,713,0.414
785,17:04:09,25,person,549,175,1248,714,0.865
785,17:04:09,43,person,0,194,368,713,0.532
787,17:04:09,25,person,547,175,1252,715,0.849
787,17:04:09,43,person,0,187,368,712,0.696
787,17:04:09,44,person,772,173,1272,714,0.409
789,17:04:09,25,person,545,173,1257,715,0.836
789,17:04:09,43,person,0,186,366,713,0.576
791,17:04:09,25,person,543,172,1259,715,0.870
791,17:04:09,43,person,0,187,368,713,0.568
793,17:04:09,25,person,536,167,1262,715,0.860
793,17:04:09,43,person,0,185,367,712,0.694
795,17:04:09,25,person,533,167,1263,715,0.866
795,17:04:09,43,person,0,186,362,712,0.490
797,17:04:09,25,person,531,165,1266,715,0.873
797,17:04:09,43,person,0,186,366,712,0.631
799,17:04:09,25,person,527,161,1268,715,0.862
799,17:04:09,44,person,774,162,1280,714,0.457
801,17:04:10,25,person,524,159,1271,715,0.874
801,17:04:10,43,person,0,175,371,712,0.768
803,17:04:10,25,person,523,158,1272,715,0.838
803,17:04:10,43,person,0,174,371,712,0.857
803,17:04:10,44,person,776,159,1280,713,0.424
805,17:04:10,25,person,522,158,1273,715,0.862
805,17:04:10,43,person,0,169,370,713,0.802
805,17:04:10,44,person,778,159,1280,713,0.413
807,17:04:10,25,person,500,160,1256,715,0.822
807,17:04:10,43,person,0,171,366,714,0.673
809,17:04:10,25,person,507,156,1268,715,0.813
809,17:04:10,43,person,0,174,365,714,0.655
811,17:04:10,25,person,512,158,1271,715,0.841
811,17:04:10,43,person,0,182,361,714,0.723
813,17:04:10,25,person,516,161,1272,715,0.847
813,17:04:10,43,person,0,182,363,714,0.667
815,17:04:10,25,person,521,166,1272,716,0.814
815,17:04:10,43,person,3,184,368,713,0.669
815,17:04:10,46,toothbrush,1021,587,1091,684,0.496
817,17:04:11,25,person,524,168,1273,715,0.839
817,17:04:11,43,person,2,186,366,713,0.573
817,17:04:11,46,toothbrush,1013,581,1090,686,0.427
819,17:04:11,25,person,530,177,1268,714,0.802
819,17:04:11,43,person,0,188,363,713,0.762
821,17:04:11,25,person,507,182,1228,714,0.787
821,17:04:11,43,person,1,189,363,713,0.833
823,17:04:11,25,person,524,181,1250,714,0.873
823,17:04:11,43,person,1,188,363,714,0.850
825,17:04:11,25,person,529,181,1258,715,0.807
825,17:04:11,43,person,1,185,365,713,0.860
827,17:04:11,25,person,529,179,1263,716,0.791
827,17:04:11,43,person,0,186,364,714,0.815
829,17:04:11,25,person,528,175,1267,715,0.792
829,17:04:11,43,person,0,188,362,714,0.810
831,17:04:12,25,person,500,173,1235,715,0.738
831,17:04:12,43,person,0,190,359,713,0.837
833,17:04:12,25,person,518,172,1256,714,0.870
833,17:04:12,43,person,0,187,361,713,0.816
835,17:04:12,25,person,521,169,1264,715,0.762
835,17:04:12,43,person,0,191,359,713,0.834
837,17:04:12,25,person,517,169,1258,714,0.742
837,17:04:12,43,person,4,204,356,713,0.799
837,17:04:12,44,person,780,171,1275,712,0.496
839,17:04:12,25,person,521,169,1265,715,0.790
839,17:04:12,43,person,7,219,351,713,0.680
839,17:04:12,44,person,781,172,1274,713,0.495
841,17:04:12,25,person,527,172,1269,714,0.836
841,17:04:12,43,person,14,255,336,713,0.728
843,17:04:12,25,person,526,170,1272,715,0.832
845,17:04:12,25,person,524,168,1272,715,0.735
845,17:04:12,44,person,780,172,1272,713,0.491
847,17:04:13,25,person,524,169,1273,715,0.756
847,17:04:13,44,person,780,173,1272,713,0.556
849,17:04:13,25,person,525,169,1274,715,0.733
849,17:04:13,44,person,783,173,1275,714,0.505
851,17:04:13,25,person,525,169,1275,716,0.759
851,17:04:13,44,person,783,173,1277,714,0.494
853,17:04:13,25,person,526,171,1273,715,0.851
855,17:04:13,25,person,527,173,1272,715,0.867
855,17:04:13,44,person,785,175,1276,714,0.407
857,17:04:13,25,person,528,174,1273,716,0.842
857,17:04:13,44,person,784,176,1275,714,0.595
857,17:04:13,43,person,6,275,316,714,0.486
859,17:04:13,25,person,530,175,1274,715,0.845
859,17:04:13,44,person,784,177,1275,713,0.496
859,17:04:13,43,person,12,299,311,714,0.422
861,17:04:14,25,person,534,178,1273,715,0.876
861,17:04:14,44,person,784,179,1274,714,0.509
863,17:04:14,25,person,530,175,1274,715,0.839
863,17:04:14,44,person,783,177,1275,713,0.598
865,17:04:14,25,person,527,173,1275,715,0.798
865,17:04:14,44,person,784,176,1277,713,0.549
867,17:04:14,25,person,526,173,1274,715,0.838
867,17:04:14,44,person,783,175,1277,713,0.524
869,17:04:14,25,person,522,170,1275,715,0.819
869,17:04:14,44,person,781,172,1277,713,0.529
871,17:04:14,25,person,471,168,1239,716,0.826
871,17:04:14,44,person,779,168,1279,713,0.483
873,17:04:14,25,person,497,166,1268,716,0.852
875,17:04:14,25,person,502,160,1280,717,0.830
877,17:04:15,25,person,504,158,1280,717,0.835
877,17:04:15,48,toothbrush,1021,612,1085,697,0.454
879,17:04:15,25,person,508,162,1280,716,0.814
879,17:04:15,48,toothbrush,1019,611,1084,697,0.414
881,17:04:15,25,person,507,164,1277,716,0.822
881,17:04:15,44,person,776,164,1279,713,0.442
883,17:04:15,25,person,508,164,1277,715,0.834
885,17:04:15,25,person,506,159,1280,716,0.773
887,17:04:15,25,person,499,163,1270,716,0.792
887,17:04:15,43,person,0,232,345,714,0.516
887,17:04:15,48,toothbrush,1022,605,1107,719,0.430
889,17:04:15,25,person,490,165,1261,716,0.731
891,17:04:15,25,person,498,167,1265,715,0.791
891,17:04:15,43,person,0,192,358,717,0.452
893,17:04:16,25,person,431,171,1207,716,0.786
893,17:04:16,43,person,0,195,355,716,0.414
895,17:04:16,25,person,450,173,1215,715,0.787
895,17:04:16,43,person,0,202,349,715,0.477
897,17:04:16,25,person,417,173,1187,716,0.744
897,17:04:16,43,person,0,202,351,716,0.530
899,17:04:16,25,person,472,171,1242,716,0.847
899,17:04:16,43,person,0,214,345,714,0.615
901,17:04:16,25,person,488,169,1256,716,0.815
901,17:04:16,48,toothbrush,1023,612,1106,720,0.404
903,17:04:16,25,person,485,168,1253,716,0.779
905,17:04:16,25,person,478,167,1243,716,0.799
907,17:04:17,25,person,491,165,1260,716,0.733
907,17:04:17,48,toothbrush,1020,605,1108,719,0.506
909,17:04:17,25,person,498,163,1267,716,0.756
911,17:04:17,25,person,509,165,1276,716,0.741
911,17:04:17,44,person,774,169,1275,714,0.415
913,17:04:17,25,person,434,172,1212,716,0.811
915,17:04:17,25,person,480,169,1260,716,0.838
917,17:04:17,25,person,498,168,1277,716,0.847
919,17:04:17,25,person,504,163,1280,716,0.850
921,17:04:17,25,person,506,162,1280,717,0.856
921,17:04:17,48,toothbrush,1022,609,1105,718,0.583
923,17:04:18,25,person,507,161,1280,717,0.869
923,17:04:18,43,person,0,198,343,714,0.404
925,17:04:18,25,person,510,161,1280,717,0.842
925,17:04:18,48,toothbrush,1021,609,1104,719,0.674
927,17:04:18,25,person,508,159,1280,717,0.830
929,17:04:18,25,person,505,157,1280,717,0.796
929,17:04:18,48,toothbrush,1020,609,1103,719,0.486
931,17:04:18,25,person,505,155,1280,718,0.865
933,17:04:18,25,person,510,160,1280,717,0.840
933,17:04:18,48,toothbrush,1022,610,1104,719,0.599
935,17:04:18,25,person,512,161,1280,716,0.831
935,17:04:18,49,person,0,444,219,713,0.606
935,17:04:18,48,toothbrush,1023,611,1103,719,0.576
935,17:04:18,44,person,779,161,1280,717,0.404
937,17:04:18,25,person,512,160,1280,716,0.839
937,17:04:18,49,person,3,465,208,711,0.687
939,17:04:19,25,person,510,157,1280,716,0.849
939,17:04:19,49,person,3,470,203,711,0.620
939,17:04:19,48,toothbrush,1026,612,1105,719,0.486
941,17:04:19,25,person,505,152,1280,716,0.863
941,17:04:19,49,person,0,447,213,713,0.449
941,17:04:19,48,toothbrush,1025,608,1107,719,0.432
943,17:04:19,25,person,507,153,1280,716,0.857
943,17:04:19,48,toothbrush,1025,611,1105,719,0.425
945,17:04:19,25,person,509,153,1280,716,0.877
945,17:04:19,48,toothbrush,1026,613,1104,719,0.411
947,17:04:19,25,person,510,153,1280,716,0.875
947,17:04:19,48,toothbrush,1023,613,1101,719,0.494
949,17:04:19,25,person,511,154,1280,715,0.866
949,17:04:19,48,toothbrush,1022,615,1101,720,0.453
951,17:04:19,25,person,516,159,1279,715,0.872
951,17:04:19,44,person,780,161,1280,716,0.412
953,17:04:19,25,person,521,163,1278,715,0.858
953,17:04:19,49,person,0,258,265,711,0.727
953,17:04:19,48,toothbrush,1038,629,1105,720,0.490
955,17:04:20,25,person,521,162,1280,716,0.848
955,17:04:20,49,person,0,244,260,711,0.749
955,17:04:20,44,person,782,165,1280,716,0.425
957,17:04:20,25,person,522,163,1279,716,0.846
957,17:04:20,49,person,0,240,254,711,0.627
959,17:04:20,25,person,523,163,1280,716,0.851
959,17:04:20,49,person,0,222,252,710,0.674
961,17:04:20,25,person,528,172,1272,715,0.755
961,17:04:20,49,person,0,223,245,711,0.496
961,17:04:20,44,person,785,174,1276,716,0.579
963,17:04:20,25,person,527,171,1273,715,0.892
963,17:04:20,49,person,0,195,246,711,0.560
965,17:04:20,25,person,524,166,1276,715,0.826
967,17:04:20,25,person,524,165,1278,716,0.856
969,17:04:20,25,person,523,164,1279,716,0.862
971,17:04:21,25,person,521,161,1279,716,0.863
973,17:04:21,25,person,519,158,1280,716,0.876
973,17:04:21,43,person,0,188,258,711,0.575
975,17:04:21,25,person,520,160,1278,716,0.830
975,17:04:21,43,person,0,227,234,711,0.608
977,17:04:21,25,person,515,160,1273,715,0.794
979,17:04:21,25,person,515,160,1273,715,0.842
981,17:04:21,25,person,517,159,1274,715,0.863
981,17:04:21,43,person,0,298,202,711,0.444
983,17:04:21,25,person,513,154,1276,716,0.840
985,17:04:21,25,person,511,152,1277,716,0.827
987,17:04:22,25,person,514,154,1274,716,0.844
989,17:04:22,25,person,514,155,1272,715,0.841
991,17:04:22,25,person,512,155,1269,715,0.830
993,17:04:22,25,person,509,156,1264,716,0.838
995,17:04:22,25,person,510,156,1262,715,0.789
997,17:04:22,25,person,510,152,1270,716,0.856
999,17:04:22,25,person,511,151,1273,717,0.845
1001,17:04:23,25,person,518,157,1273,716,0.856
1003,17:04:23,25,person,521,160,1272,716,0.833
1005,17:04:23,25,person,522,163,1270,716,0.845
1007,17:04:23,25,person,518,160,1272,717,0.808
1009,17:04:23,25,person,517,160,1272,717,0.867
1011,17:04:23,25,person,518,161,1272,717,0.855
1013,17:04:23,25,person,518,163,1272,717,0.856
1015,17:04:23,25,person,518,162,1273,717,0.829
1015,17:04:23,51,toothbrush,1034,605,1126,714,0.438
1017,17:04:24,25,person,515,161,1272,717,0.838
1019,17:04:24,25,person,518,162,1273,716,0.830
1019,17:04:24,51,toothbrush,1034,606,1128,716,0.421
1021,17:04:24,25,person,518,161,1274,715,0.846
1023,17:04:24,25,person,514,161,1272,716,0.867
1023,17:04:24,51,toothbrush,1034,605,1129,717,0.415
1025,17:04:24,25,person,516,161,1274,716,0.859
1025,17:04:24,51,toothbrush,1031,605,1126,717,0.507
1027,17:04:24,25,person,516,160,1275,715,0.891
1027,17:04:24,51,toothbrush,1032,604,1127,717,0.634
1029,17:04:24,25,person,510,155,1277,715,0.867
1029,17:04:24,51,toothbrush,1032,603,1128,718,0.510
1031,17:04:25,25,person,507,152,1278,716,0.828
1033,17:04:25,25,person,511,155,1277,716,0.881
1033,17:04:25,51,toothbrush,1035,606,1128,716,0.452
1035,17:04:25,25,person,513,157,1276,716,0.876
1037,17:04:25,25,person,514,158,1277,716,0.860
1039,17:04:25,25,person,510,157,1271,716,0.869
1041,17:04:25,25,person,509,153,1276,716,0.839
1043,17:04:25,25,person,513,156,1275,716,0.834
1045,17:04:25,25,person,509,158,1266,715,0.808
1047,17:04:26,25,person,509,159,1263,716,0.829
1049,17:04:26,25,person,512,161,1263,716,0.829
1051,17:04:26,25,person,512,159,1264,716,0.831
1053,17:04:26,25,person,505,157,1256,716,0.860
1055,17:04:26,25,person,504,155,1253,716,0.869
1057,17:04:26,25,person,502,154,1250,716,0.872
1059,17:04:26,25,person,504,154,1250,715,0.865
1061,17:04:26,25,person,501,153,1245,716,0.887
1063,17:04:27,25,person,504,152,1248,716,0.860
1065,17:04:27,25,person,511,153,1254,716,0.865
1067,17:04:27,25,person,516,155,1257,716,0.853
1069,17:04:27,25,person,519,156,1259,716,0.845
1071,17:04:27,25,person,519,153,1266,717,0.859
1073,17:04:27,25,person,516,155,1258,716,0.830
1075,17:04:27,25,person,518,156,1260,716,0.818
1077,17:04:27,25,person,513,156,1256,717,0.852
1079,17:04:27,25,person,515,156,1256,717,0.853
1081,17:04:28,25,person,522,157,1263,716,0.842
1081,17:04:28,51,toothbrush,1026,572,1140,714,0.457
1083,17:04:28,25,person,519,153,1269,716,0.847
1085,17:04:28,25,person,518,152,1267,715,0.782
1087,17:04:28,25,person,515,153,1263,715,0.813
1087,17:04:28,52,person,787,155,1277,715,0.520
1087,17:04:28,51,toothbrush,1038,599,1134,714,0.419
1089,17:04:28,25,person,515,152,1264,716,0.849
1089,17:04:28,52,person,787,155,1279,716,0.475
1091,17:04:28,25,person,513,151,1265,716,0.864
1093,17:04:28,25,person,514,150,1268,716,0.871
1095,17:04:28,25,person,516,152,1267,716,0.874
1097,17:04:29,25,person,517,154,1266,715,0.844
1099,17:04:29,25,person,512,151,1264,715,0.837
1101,17:04:29,25,person,513,152,1262,715,0.866
1103,17:04:29,25,person,514,152,1263,715,0.861
1105,17:04:29,25,person,515,148,1271,715,0.836
1107,17:04:29,25,person,517,151,1269,715,0.856
1109,17:04:29,25,person,518,153,1270,716,0.849
1111,17:04:29,25,person,520,156,1269,716,0.870
1113,17:04:30,25,person,520,157,1270,716,0.867
1115,17:04:30,25,person,523,163,1267,717,0.846
1117,17:04:30,25,person,521,159,1270,716,0.805
1119,17:04:30,25,person,517,158,1266,715,0.851
1121,17:04:30,25,person,517,157,1270,716,0.885
1123,17:04:30,25,person,504,156,1255,716,0.918
1125,17:04:30,25,person,500,160,1241,716,0.882
1127,17:04:31,25,person,499,165,1229,716,0.837
1129,17:04:31,25,person,499,169,1220,715,0.829
1131,17:04:31,25,person,500,172,1216,715,0.843
1133,17:04:31,25,person,497,171,1211,715,0.769
1135,17:04:31,25,person,502,174,1210,715,0.886
1137,17:04:31,25,person,503,175,1207,715,0.897
1139,17:04:31,25,person,500,175,1201,715,0.927
1141,17:04:31,25,person,481,175,1181,716,0.880
1143,17:04:32,25,person,461,172,1161,716,0.879
1145,17:04:32,25,person,448,167,1153,716,0.825
1147,17:04:32,25,person,433,156,1155,716,0.896
1149,17:04:32,25,person,424,152,1154,716,0.857
1151,17:04:32,25,person,416,151,1149,716,0.933
1153,17:04:32,25,person,413,146,1155,715,0.923
1155,17:04:32,25,person,408,140,1157,715,0.918
1157,17:04:33,25,person,405,138,1162,716,0.924
1159,17:04:33,25,person,401,133,1169,716,0.908
1161,17:04:33,25,person,391,136,1152,715,0.915
1163,17:04:33,25,person,398,155,1134,715,0.905
1165,17:04:33,25,person,399,164,1123,715,0.855
1167,17:04:33,25,person,395,164,1119,716,0.834
1169,17:04:33,25,person,398,161,1129,716,0.873
1171,17:04:33,25,person,400,160,1133,717,0.881
1173,17:04:34,25,person,406,164,1136,718,0.896
1175,17:04:34,25,person,418,169,1142,717,0.875
1177,17:04:34,25,person,425,172,1144,717,0.884
1179,17:04:34,25,person,426,173,1146,717,0.825
1181,17:04:34,25,person,427,176,1141,717,0.834
1183,17:04:34,25,person,422,179,1130,717,0.867
1185,17:04:34,25,person,418,177,1124,716,0.880
1187,17:04:35,25,person,422,175,1130,716,0.853
1189,17:04:35,25,person,422,175,1128,716,0.766
1191,17:04:35,25,person,423,173,1129,716,0.783
1193,17:04:35,25,person,424,172,1129,716,0.797
1195,17:04:35,25,person,426,171,1131,716,0.858
1197,17:04:35,25,person,426,169,1133,716,0.838
1199,17:04:35,25,person,426,164,1138,715,0.830
1201,17:04:35,25,person,428,167,1136,715,0.808
1203,17:04:36,25,person,434,172,1135,715,0.863
1205,17:04:36,25,person,431,175,1130,715,0.884
1207,17:04:36,25,person,430,178,1125,715,0.895
1209,17:04:36,25,person,427,179,1120,716,0.885
1211,17:04:36,25,person,425,177,1120,716,0.868
1213,17:04:36,25,person,423,174,1120,716,0.879
1215,17:04:37,25,person,427,174,1123,716,0.876
1217,17:04:37,25,person,429,173,1128,717,0.864
1219,17:04:37,25,person,429,168,1133,717,0.771
1221,17:04:37,25,person,432,168,1136,717,0.856
1223,17:04:37,25,person,433,167,1139,717,0.801
1225,17:04:37,25,person,431,166,1137,715,0.815
1227,17:04:37,25,person,430,164,1137,715,0.892
1229,17:04:37,25,person,434,164,1143,716,0.840
1231,17:04:38,25,person,432,166,1139,716,0.868
1233,17:04:38,25,person,430,168,1133,716,0.861
1235,17:04:38,25,person,429,173,1128,716,0.840
1237,17:04:38,25,person,427,178,1115,716,0.847
1239,17:04:38,25,person,425,179,1110,716,0.881
1241,17:04:38,25,person,426,180,1109,716,0.890
1243,17:04:38,25,person,426,179,1108,716,0.901
1245,17:04:38,25,person,428,176,1112,716,0.880
1247,17:04:39,25,person,434,174,1122,716,0.853
1249,17:04:39,25,person,429,171,1120,716,0.847
1251,17:04:39,25,person,429,171,1119,715,0.832
1253,17:04:39,25,person,433,173,1122,715,0.843
1255,17:04:39,25,person,432,173,1121,715,0.869
1257,17:04:39,25,person,436,174,1125,716,0.871
1259,17:04:39,25,person,437,174,1126,716,0.879
1261,17:04:39,25,person,436,175,1124,715,0.871
1263,17:04:40,25,person,437,177,1124,716,0.863
1265,17:04:40,25,person,434,179,1118,715,0.878
1267,17:04:40,25,person,431,183,1108,715,0.894
1269,17:04:40,25,person,431,187,1103,716,0.882
1271,17:04:40,25,person,431,187,1101,716,0.901
1273,17:04:40,25,person,432,186,1101,716,0.905
1275,17:04:40,25,person,432,186,1100,716,0.892
1277,17:04:41,25,person,433,183,1102,715,0.885
1279,17:04:41,25,person,432,182,1102,716,0.878
1281,17:04:41,25,person,432,181,1101,716,0.863
1283,17:04:41,25,person,434,181,1104,716,0.851
1285,17:04:41,25,person,433,180,1103,716,0.860
1287,17:04:41,25,person,433,180,1102,716,0.865
1289,17:04:41,25,person,433,180,1102,716,0.867
1291,17:04:42,25,person,433,180,1104,716,0.880
1293,17:04:42,25,person,434,177,1108,716,0.863
1295,17:04:42,25,person,438,174,1115,716,0.878
1297,17:04:42,25,person,440,173,1120,716,0.856
1299,17:04:42,25,person,442,172,1125,716,0.875
1301,17:04:42,25,person,442,172,1126,716,0.860
1303,17:04:42,25,person,443,171,1129,716,0.861
1305,17:04:42,25,person,440,171,1128,716,0.846
1307,17:04:43,25,person,443,173,1131,716,0.867
1309,17:04:43,25,person,444,172,1134,716,0.838
1311,17:04:43,25,person,442,172,1136,716,0.840
1313,17:04:43,25,person,439,171,1135,716,0.830
1315,17:04:43,25,person,440,175,1130,715,0.886
1317,17:04:43,25,person,435,182,1114,715,0.887
1319,17:04:43,25,person,429,179,1111,716,0.859
1321,17:04:44,25,person,428,178,1110,716,0.874
1323,17:04:44,25,person,432,177,1116,716,0.870
1325,17:04:44,25,person,437,174,1125,716,0.830
1327,17:04:44,25,person,437,172,1128,716,0.849
1329,17:04:44,25,person,439,172,1131,716,0.872
1331,17:04:44,25,person,438,173,1130,716,0.838
1333,17:04:44,25,person,437,176,1124,716,0.855
1335,17:04:44,25,person,436,176,1124,716,0.837
1337,17:04:45,25,person,436,176,1125,716,0.866
1339,17:04:45,25,person,436,178,1122,716,0.884
1341,17:04:45,25,person,431,180,1114,716,0.855
1343,17:04:45,25,person,431,183,1109,716,0.843
1345,17:04:45,25,person,433,184,1107,716,0.833
1347,17:04:45,25,person,432,185,1106,717,0.902
1349,17:04:45,25,person,433,186,1104,716,0.870
1351,17:04:46,25,person,434,188,1103,716,0.893
1353,17:04:46,25,person,434,185,1106,716,0.828
1355,17:04:46,25,person,435,184,1107,716,0.858
1357,17:04:46,25,person,437,181,1114,717,0.867
1359,17:04:46,25,person,440,180,1121,717,0.867
1361,17:04:46,25,person,438,177,1122,717,0.847
1363,17:04:46,25,person,441,179,1125,717,0.874
1365,17:04:46,25,person,440,180,1122,716,0.878
1367,17:04:47,25,person,438,179,1119,716,0.848
1369,17:04:47,25,person,438,177,1123,716,0.827
1371,17:04:47,25,person,442,178,1128,716,0.871
1373,17:04:47,25,person,440,180,1125,716,0.813
1375,17:04:47,25,person,437,185,1111,715,0.801
1377,17:04:47,25,person,435,185,1108,715,0.884
1379,17:04:47,25,person,435,187,1103,715,0.903
1381,17:04:48,25,person,435,185,1105,716,0.886
1383,17:04:48,25,person,434,183,1105,716,0.873
1385,17:04:48,25,person,435,184,1103,716,0.895
1387,17:04:48,25,person,433,182,1103,716,0.902
1389,17:04:48,25,person,434,180,1105,716,0.838
1391,17:04:48,25,person,435,177,1108,716,0.835
1393,17:04:48,25,person,438,177,1112,716,0.827
1395,17:04:49,25,person,441,176,1117,715,0.854
1397,17:04:49,25,person,442,175,1122,716,0.852
1399,17:04:49,25,person,442,174,1125,716,0.841
1401,17:04:49,25,person,444,173,1130,716,0.858
1403,17:04:49,25,person,441,171,1131,717,0.850
1405,17:04:49,25,person,440,172,1130,716,0.838
1407,17:04:49,25,person,440,176,1125,716,0.850
1409,17:04:49,25,person,437,180,1116,716,0.853
1411,17:04:50,25,person,436,183,1110,716,0.864
1413,17:04:50,25,person,438,186,1108,716,0.872
1415,17:04:50,25,person,437,187,1104,716,0.875
1417,17:04:50,25,person,437,186,1104,716,0.879
1419,17:04:50,25,person,436,184,1104,717,0.884
1421,17:04:50,25,person,436,181,1106,716,0.859
1423,17:04:50,25,person,441,176,1120,717,0.817
1425,17:04:51,25,person,446,175,1129,716,0.831
1427,17:04:51,25,person,447,174,1134,716,0.858
1429,17:04:51,25,person,446,174,1134,716,0.860
1431,17:04:51,25,person,443,177,1129,716,0.849
1433,17:04:51,25,person,436,181,1116,717,0.844
1435,17:04:51,25,person,435,185,1108,716,0.867
1437,17:04:51,25,person,436,187,1104,716,0.888
1439,17:04:51,25,person,437,189,1102,715,0.875
1441,17:04:52,25,person,437,190,1100,716,0.899
1443,17:04:52,25,person,436,188,1100,716,0.906
1445,17:04:52,25,person,436,186,1101,716,0.886
1447,17:04:52,25,person,437,183,1103,716,0.881
1449,17:04:52,25,person,437,179,1107,716,0.851
1451,17:04:52,25,person,438,177,1109,716,0.863
1453,17:04:52,25,person,442,176,1116,716,0.871
1455,17:04:53,25,person,446,175,1125,716,0.862
1457,17:04:53,25,person,445,173,1127,716,0.874
1459,17:04:53,25,person,446,172,1131,716,0.852
1461,17:04:53,25,person,444,172,1130,716,0.876
1463,17:04:53,25,person,441,172,1128,717,0.829
1465,17:04:53,25,person,439,175,1123,717,0.869
1467,17:04:53,25,person,438,179,1115,717,0.884
1469,17:04:54,25,person,436,183,1108,716,0.896
1471,17:04:54,25,person,441,188,1105,716,0.909
1473,17:04:54,25,person,443,193,1099,715,0.901
1475,17:04:54,25,person,444,195,1096,715,0.917
1477,17:04:54,25,person,444,196,1094,715,0.905
1479,17:04:54,25,person,443,195,1094,716,0.909
1481,17:04:54,25,person,443,197,1090,716,0.902
1483,17:04:54,25,person,444,197,1090,716,0.891
1485,17:04:55,25,person,444,197,1089,716,0.867
1487,17:04:55,25,person,444,196,1092,716,0.890
1489,17:04:55,25,person,444,195,1093,716,0.889
1491,17:04:55,25,person,446,195,1094,716,0.847
1493,17:04:55,25,person,444,194,1094,716,0.873
1495,17:04:55,25,person,444,194,1093,716,0.906
1497,17:04:55,25,person,445,198,1089,716,0.888
1499,17:04:55,25,person,446,199,1090,716,0.902
1501,17:04:56,25,person,444,198,1089,717,0.900
1503,17:04:56,25,person,444,200,1084,716,0.866
1505,17:04:56,25,person,443,201,1082,716,0.880
1507,17:04:56,25,person,445,197,1087,716,0.887
1509,17:04:56,25,person,444,195,1088,715,0.896
1511,17:04:56,25,person,445,194,1089,715,0.900
1513,17:04:56,25,person,445,196,1086,715,0.899
1515,17:04:57,25,person,446,195,1088,715,0.891
1517,17:04:57,25,person,445,193,1090,716,0.901
1519,17:04:57,25,person,445,191,1092,716,0.887
1521,17:04:57,25,person,444,191,1092,716,0.899
1523,17:04:57,25,person,444,191,1091,716,0.898
1525,17:04:57,25,person,443,191,1091,716,0.889
1527,17:04:57,25,person,444,191,1091,715,0.913
1529,17:04:57,25,person,443,189,1092,716,0.911
1531,17:04:58,25,person,443,188,1094,716,0.916
1533,17:04:58,25,person,444,190,1092,716,0.908
1535,17:04:58,25,person,443,188,1094,716,0.906
1537,17:04:58,25,person,443,186,1096,716,0.888
1539,17:04:58,25,person,443,186,1097,716,0.884
1541,17:04:58,25,person,442,184,1099,716,0.877
1543,17:04:58,25,person,443,185,1099,716,0.897
1545,17:04:59,25,person,442,186,1097,716,0.908
1547,17:04:59,25,person,443,188,1096,715,0.838
1549,17:04:59,25,person,444,190,1094,716,0.911
1551,17:04:59,25,person,443,191,1092,716,0.889
1553,17:04:59,25,person,445,194,1090,716,0.895
1555,17:04:59,25,person,444,195,1088,716,0.905
1557,17:04:59,25,person,444,194,1089,716,0.905
1559,17:04:59,25,person,444,193,1088,715,0.914
1561,17:05:00,25,person,446,191,1092,715,0.894
1563,17:05:00,25,person,443,188,1093,716,0.889
1565,17:05:00,25,person,439,185,1093,715,0.893
1567,17:05:00,25,person,441,182,1100,716,0.869
1569,17:05:00,25,person,442,180,1104,716,0.852
1571,17:05:00,25,person,445,179,1112,716,0.836
1573,17:05:00,25,person,449,179,1120,716,0.825
1575,17:05:01,25,person,449,178,1123,716,0.843
1577,17:05:01,25,person,448,178,1124,717,0.877
1579,17:05:01,25,person,447,179,1124,717,0.863
1581,17:05:01,25,person,446,180,1124,717,0.839
1583,17:05:01,25,person,442,182,1117,717,0.846
1585,17:05:01,25,person,440,184,1111,717,0.862
1587,17:05:01,25,person,439,187,1106,716,0.864
1589,17:05:01,25,person,439,189,1103,716,0.843
1591,17:05:02,25,person,438,190,1100,716,0.907
1593,17:05:02,25,person,438,190,1098,716,0.905
1595,17:05:02,25,person,437,188,1098,716,0.864
1597,17:05:02,25,person,437,188,1100,716,0.873
1599,17:05:02,25,person,438,188,1099,715,0.859
1601,17:05:02,25,person,438,188,1098,715,0.877
1603,17:05:02,25,person,439,190,1097,715,0.895
1605,17:05:03,25,person,440,189,1097,715,0.886
1607,17:05:03,25,person,438,188,1097,716,0.877
1609,17:05:03,25,person,440,188,1099,716,0.877
1611,17:05:03,25,person,442,190,1099,716,0.903
1613,17:05:03,25,person,441,190,1097,716,0.906
1615,17:05:03,25,person,442,190,1097,716,0.915
1617,17:05:03,25,person,442,191,1097,716,0.914
1619,17:05:03,25,person,442,190,1097,716,0.906
1621,17:05:04,25,person,441,189,1097,716,0.908
1623,17:05:04,25,person,441,188,1099,716,0.876
1625,17:05:04,25,person,441,186,1102,716,0.880
1627,17:05:04,25,person,442,184,1106,716,0.891
1629,17:05:04,25,person,443,183,1109,716,0.859
1631,17:05:04,25,person,447,180,1119,716,0.860
1633,17:05:04,25,person,447,178,1125,716,0.854
1635,17:05:05,25,person,446,178,1126,716,0.833
1637,17:05:05,25,person,445,180,1123,716,0.871
1639,17:05:05,25,person,443,181,1121,716,0.829
1641,17:05:05,25,person,441,183,1116,716,0.864
1643,17:05:05,25,person,437,185,1110,716,0.854
1645,17:05:05,25,person,436,187,1106,716,0.878
1647,17:05:05,25,person,436,188,1105,716,0.872
1649,17:05:05,25,person,436,186,1106,716,0.877
1651,17:05:06,25,person,440,184,1114,716,0.848
1653,17:05:06,25,person,444,180,1124,716,0.838
1655,17:05:06,25,person,442,177,1127,716,0.802
1657,17:05:06,25,person,442,175,1130,716,0.804
1659,17:05:06,25,person,442,175,1133,716,0.814
1661,17:05:06,25,person,444,177,1135,717,0.826
1663,17:05:06,25,person,441,178,1131,717,0.836
1665,17:05:07,25,person,440,179,1129,717,0.871
1667,17:05:07,25,person,437,177,1129,717,0.792
1669,17:05:07,25,person,439,179,1128,716,0.793
1671,17:05:07,25,person,442,184,1125,716,0.881
1673,17:05:07,25,person,437,187,1114,716,0.888
1675,17:05:07,25,person,434,189,1106,716,0.871
1677,17:05:07,25,person,436,191,1104,716,0.882
1679,17:05:07,25,person,435,192,1100,716,0.894
1681,17:05:08,25,person,436,191,1100,716,0.893
1683,17:05:08,25,person,437,190,1101,716,0.867
1685,17:05:08,25,person,437,188,1102,715,0.877
1687,17:05:08,25,person,438,185,1105,715,0.840
1689,17:05:08,25,person,441,183,1113,716,0.826
1691,17:05:08,25,person,442,181,1116,715,0.843
1693,17:05:08,25,person,440,181,1116,716,0.857
1695,17:05:09,25,person,439,181,1115,716,0.851
1697,17:05:09,25,person,440,181,1117,716,0.838
1699,17:05:09,25,person,439,178,1120,716,0.820
1701,17:05:09,25,person,437,176,1121,716,0.849
1703,17:05:09,25,person,438,180,1118,717,0.870
1705,17:05:09,25,person,438,183,1111,716,0.879
1707,17:05:09,25,person,440,187,1108,715,0.899
1709,17:05:09,25,person,441,189,1105,716,0.898
1711,17:05:10,25,person,442,191,1101,716,0.874
1713,17:05:10,25,person,442,194,1096,715,0.880
1715,17:05:10,25,person,442,192,1097,716,0.854
1717,17:05:10,25,person,441,191,1096,716,0.877
1719,17:05:10,25,person,442,188,1100,716,0.903
1721,17:05:10,25,person,443,186,1102,715,0.860
1723,17:05:10,25,person,442,183,1105,716,0.850
1725,17:05:11,25,person,442,182,1106,715,0.865
1727,17:05:11,25,person,445,181,1111,716,0.848
1729,17:05:11,25,person,445,177,1118,716,0.848
1731,17:05:11,25,person,447,176,1123,716,0.842
1733,17:05:11,25,person,447,175,1127,716,0.869
1735,17:05:11,25,person,445,173,1128,716,0.866
1737,17:05:11,25,person,443,173,1127,717,0.818
1739,17:05:11,25,person,441,174,1124,716,0.822
1741,17:05:12,25,person,442,179,1119,716,0.860
1743,17:05:12,25,person,440,183,1111,716,0.846
1745,17:05:12,25,person,440,186,1106,716,0.871
1747,17:05:12,25,person,441,190,1101,716,0.857
1749,17:05:12,25,person,441,191,1098,716,0.902
1751,17:05:12,25,person,441,190,1098,716,0.895
1753,17:05:12,25,person,440,187,1100,716,0.898
1755,17:05:13,25,person,438,181,1107,716,0.820
1757,17:05:13,25,person,443,180,1113,716,0.858
1759,17:05:13,25,person,445,176,1122,716,0.858
1761,17:05:13,25,person,445,175,1126,716,0.854
1763,17:05:13,25,person,448,174,1131,716,0.864
1765,17:05:13,25,person,446,173,1131,716,0.867
1767,17:05:13,25,person,442,174,1128,716,0.826
1769,17:05:13,25,person,437,174,1120,716,0.807
1771,17:05:14,25,person,440,177,1122,716,0.811
1773,17:05:14,25,person,441,180,1119,716,0.846
1775,17:05:14,25,person,442,183,1118,716,0.861
1777,17:05:14,25,person,441,187,1111,716,0.854
1779,17:05:14,25,person,438,189,1104,716,0.899
1781,17:05:14,25,person,437,188,1103,716,0.863
1783,17:05:15,25,person,436,184,1106,716,0.884
1785,17:05:15,25,person,437,181,1110,716,0.835
1787,17:05:15,25,person,442,179,1119,716,0.869
1789,17:05:15,25,person,441,176,1122,716,0.778
1791,17:05:15,25,person,442,175,1125,717,0.841
1793,17:05:15,25,person,443,176,1126,716,0.874
1795,17:05:15,25,person,447,174,1131,716,0.872
1797,17:05:15,25,person,446,172,1135,716,0.859
1799,17:05:16,25,person,446,172,1137,716,0.858
1801,17:05:16,25,person,446,176,1133,716,0.863
1803,17:05:16,25,person,442,179,1125,716,0.874
1805,17:05:16,25,person,439,185,1111,715,0.861
1807,17:05:16,25,person,438,188,1104,716,0.889
1809,17:05:16,25,person,439,190,1102,716,0.866
1811,17:05:16,25,person,440,191,1101,716,0.881
1813,17:05:17,25,person,441,191,1101,717,0.880
1815,17:05:17,25,person,442,192,1098,717,0.902
1817,17:05:17,25,person,441,193,1094,716,0.885
1819,17:05:17,25,person,443,189,1099,716,0.892
1821,17:05:17,25,person,441,187,1097,715,0.874
1823,17:05:17,25,person,439,181,1103,717,0.900
1825,17:05:17,25,person,441,180,1106,717,0.899
1827,17:05:18,25,person,443,177,1111,716,0.896
1829,17:05:18,25,person,443,174,1115,717,0.909
1831,17:05:18,25,person,442,174,1114,716,0.892
